Type,URL
Image,https://cdn.noitatnemucod.net/avatar/100x100/zoro_chibi/avatar2-07.png
Image,https://cdn.noitatnemucod.net/avatar/100x100/zoro_normal/av-zz-12.jpeg
Image,https://cdn.noitatnemucod.net/avatar/100x100/dragon_ball/av-db-05.jpeg
Image,https://cdn.noitatnemucod.net/avatar/100x100/demon_splayer/File16.jpg
Image,https://cdn.noitatnemucod.net/avatar/100x100/chainsaw/06.png
Image,https://cdn.noitatnemucod.net/avatar/100x100/demon_splayer/File12.jpg
Image,https://platform-cdn.sharethis.com/img/telegram.svg
Image,https://platform-cdn.sharethis.com/img/twitter.svg
Image,https://platform-cdn.sharethis.com/img/facebook.svg
Image,https://platform-cdn.sharethis.com/img/reddit.svg
Image,https://platform-cdn.sharethis.com/img/sharethis.svg
Video,https://massiveanalyticssys.net/
Video,about:blank
